Workbook

Sheet Summary
A1: Field tracking - accuracy and data usage report
A2: Generated 2026-10-07 from the live database
A4: Why the distance was short | B4: The old app sent one location point every 2 minutes. A vehicle moving at 40 km/h covers about 1.3 km in that time, and the straight line between two points cuts every corner, so the total comes out too low.
A5: Measured on a real trip | B5: EMP034, 9 h 17 min, start 27760 km, end 27895 km: odometer 135 km. GPS with all points (about every 14 s): 132.83 km = 98.4% of the odometer (-2.17 km). The same trip sampled every 120 s: 116.37 km = 86.2% of the odometer, 18.6 km short. That reproduces the 10-15 km shortfall seen in testing.
A6: Effect of the ping interval (vs odometer) | B6: 15s: 131.01 km (97.0%, 4.0 km short) | 30s: 127 km (94.1%, 8.0 km short) | 60s: 121.04 km (89.7%, 14.0 km short) | 120s: 116.37 km (86.2%, 18.6 km short) | 300s: 108.16 km (80.1%, 26.8 km short)
A7: Remaining gap | B7: Even with all points the GPS is 2.17 km (1.6%) under the odometer. Typical causes: the vehicle odometer reads slightly high, GPS jitter filters (points under 10 m apart and readings worse than 100 m are ignored), and signal gaps (the longest was about 6 minutes).
A9: Data usage (location only, 8-hour day) | B9: Current 15 s sampling: 0.50 MB/day, 13 MB/month. Old 120 s: 0.32 MB/day, 8 MB/month. 30 s: 0.39 MB/day. 60 s: 0.34 MB/day. 5 s: 0.90 MB/day.
A10: How it differs | B10: Going from 120 s to 15 s multiplies the points by 8 but the upload only grows 1.6x, because points are sent together in the existing 2-minute request (the fixed ~1.2 KB overhead is paid once per batch). Without batching, 15 s would cost 2.5 MB/day.
A11: Server storage | B11: 15 s sampling saves 1,920 database rows per field worker per day (about 0.2 MB), versus 240 rows at 120 s.
A12: Recommendation | B12: Keep 15 s sampling with batched upload: the cost is under 1 MB per day per worker and the route is close to the true road path. Moving to 30 s halves the points but loses a few more percent of distance; 5 s costs more battery and data for little extra accuracy.
A13: Not included | B13: Battery drain (GPS every 15 s uses more power than every 2 min), the app's other traffic (photos, sign-in), and GPS error such as tunnels or poor signal. Confirm the final accuracy against the odometer after a few completed trips.

Sheet Accuracy records
A1: Date | B1: Employee | C1: Ping interval (sec, median) | D1: GPS points | E1: Start km | F1: End km | G1: Odometer distance (km) | H1: GPS distance (km) | I1: Difference GPS - odometer (km) | J1: GPS accuracy (%) | K1: Error (%) | L1: Status
A2: 2026-10-07 | B2: EMP034 - Ajith kumar | C2: 14 | D2: 2707 | E2: 27760 | F2: 27895 | G2: =IF(F2="","",F2-E2) -> 135 | H2: 132.83 | I2: =IF(G2="","",H2-G2) -> -2.17 | J2: =IF(G2="","",H2/G2*100) -> 98.392593 | K2: =IF(G2="","",(H2-G2)/G2*100) -> -1.6074074 | L2: Completed
G3: =IF(OR(E3="",F3=""),"",F3-E3) | I3: =IF(G3="","",H3-G3) | J3: =IF(G3="","",H3/G3*100) | K3: =IF(G3="","",(H3-G3)/G3*100)
G4: =IF(OR(E4="",F4=""),"",F4-E4) | I4: =IF(G4="","",H4-G4) | J4: =IF(G4="","",H4/G4*100) | K4: =IF(G4="","",(H4-G4)/G4*100)
G5: =IF(OR(E5="",F5=""),"",F5-E5) | I5: =IF(G5="","",H5-G5) | J5: =IF(G5="","",H5/G5*100) | K5: =IF(G5="","",(H5-G5)/G5*100)
G6: =IF(OR(E6="",F6=""),"",F6-E6) | I6: =IF(G6="","",H6-G6) | J6: =IF(G6="","",H6/G6*100) | K6: =IF(G6="","",(H6-G6)/G6*100)
G7: =IF(OR(E7="",F7=""),"",F7-E7) | I7: =IF(G7="","",H7-G7) | J7: =IF(G7="","",H7/G7*100) | K7: =IF(G7="","",(H7-G7)/G7*100)
G8: =IF(OR(E8="",F8=""),"",F8-E8) | I8: =IF(G8="","",H8-G8) | J8: =IF(G8="","",H8/G8*100) | K8: =IF(G8="","",(H8-G8)/G8*100)
G9: =IF(OR(E9="",F9=""),"",F9-E9) | I9: =IF(G9="","",H9-G9) | J9: =IF(G9="","",H9/G9*100) | K9: =IF(G9="","",(H9-G9)/G9*100)
G10: =IF(OR(E10="",F10=""),"",F10-E10) | I10: =IF(G10="","",H10-G10) | J10: =IF(G10="","",H10/G10*100) | K10: =IF(G10="","",(H10-G10)/G10*100)
G11: =IF(OR(E11="",F11=""),"",F11-E11) | I11: =IF(G11="","",H11-G11) | J11: =IF(G11="","",H11/G11*100) | K11: =IF(G11="","",(H11-G11)/G11*100)
G12: =IF(OR(E12="",F12=""),"",F12-E12) | I12: =IF(G12="","",H12-G12) | J12: =IF(G12="","",H12/G12*100) | K12: =IF(G12="","",(H12-G12)/G12*100)
G13: =IF(OR(E13="",F13=""),"",F13-E13) | I13: =IF(G13="","",H13-G13) | J13: =IF(G13="","",H13/G13*100) | K13: =IF(G13="","",(H13-G13)/G13*100)
G14: =IF(OR(E14="",F14=""),"",F14-E14) | I14: =IF(G14="","",H14-G14) | J14: =IF(G14="","",H14/G14*100) | K14: =IF(G14="","",(H14-G14)/G14*100)
... G30: =IF(OR(E30="",F30=""),"",F30-E30) | I30: =IF(G30="","",H30-G30) | J30: =IF(G30="","",H30/G30*100) | K30: =IF(G30="","",(H30-G30)/G30*100)
A32: Add a row per trip, or download the Excel export from the Field workers page: its Daily summary sheet now fills these same columns automatically (start/end km, difference, accuracy %, ping interval, points).

Sheet Interval simulation
A1: Ping interval (sec) | B1: GPS points used | C1: GPS distance (km) | D1: Shortfall vs densest data (km) | E1: Shortfall (%) | F1: Accuracy vs odometer (%) (needs End km)
A2: ~14 (all points) | B2: 2707 | C2: 132.83 | D2: 0 | E2: 0 | F2: =IF('Accuracy records'!G2="","pending",C2/'Accuracy records'!G2*100) -> 98.392593
A3: 15 | B3: 1662 | C3: 131.01 | D3: =$C$2-C3 -> 1.82 | E3: =D3/$C$2*100 -> 1.3701724 | F3: =IF('Accuracy records'!$G$2="","pending",C3/'Accuracy records'!$G$2*100) -> 97.044444
A4: 30 | B4: 871 | C4: 127 | D4: =$C$2-C4 -> 5.83 | E4: =D4/$C$2*100 -> 4.3890687 | F4: =IF('Accuracy records'!$G$2="","pending",C4/'Accuracy records'!$G$2*100) -> 94.074074
A5: 60 | B5: 485 | C5: 121.04 | D5: =$C$2-C5 -> 11.79 | E5: =D5/$C$2*100 -> 8.8760069 | F5: =IF('Accuracy records'!$G$2="","pending",C5/'Accuracy records'!$G$2*100) -> 89.659259
A6: 120 | B6: 263 | C6: 116.37 | D6: =$C$2-C6 -> 16.46 | E6: =D6/$C$2*100 -> 12.391779 | F6: =IF('Accuracy records'!$G$2="","pending",C6/'Accuracy records'!$G$2*100) -> 86.2
A7: 300 | B7: 108 | C7: 108.16 | D7: =$C$2-C7 -> 24.67 | E7: =D7/$C$2*100 -> 18.572612 | F7: =IF('Accuracy records'!$G$2="","pending",C7/'Accuracy records'!$G$2*100) -> 80.118519
A9: Method: the same real trip (EMP034, 9 h 17 min, GPS points every ~14 s, odometer 135 km) was re-sampled at each interval, keeping one point per interval, then summed with the same filters the server uses. The 120-second row is how the old app (one point every 2 minutes) would have measured this very trip.

Sheet Data usage
A1: Assumptions (edit the yellow cells, the table recalculates)
A2: Working hours per day | B2: 8
A3: Working days per month | B3: 26
A4: Upload batch period (seconds) - one request per batch | B4: 120
A5: Request headers (bytes) | B5: 266
A6: Response headers (bytes) - measured from the server | B6: 751
A7: TCP/IP packet overhead per request (bytes) | B7: 200
A8: Main ping JSON (bytes) - measured | B8: 153
A9: One extra GPS point JSON (bytes) - measured | B9: 111
A10: Response body (bytes) | B10: 17
A12: Fixed cost of one request (bytes) | B12: =B5+B6+B7+B10 -> 1234
A14: GPS sampling interval (sec) | B14: Points / day | C14: Requests / day (batched) | D14: Extra points per request | E14: Bytes per request | F14: Data / day (MB) | G14: Data / month (MB) | H14: Rows saved in DB / day | I14: Data / day if NOT batched (MB) | J14: x current (120 s)
A15: 5 | B15: =$B$2*3600/A15 -> 5760 | C15: =$B$2*3600/$B$4 -> 240 | D15: =MAX(0,$B$4/A15-1) -> 23 | E15: =$B$12+$B$8+D15*$B$9 -> 3940 | F15: =C15*E15/1048576 -> 0.90179443 | G15: =F15*$B$3 -> 23.446655 | H15: =B15 -> 5760 | I15: =B15*($B$12+$B$8)/1048576 -> 7.6190186 | J15: =F15/$F$20 -> 2.8406633
A16: 10 | B16: =$B$2*3600/A16 -> 2880 | C16: =$B$2*3600/$B$4 -> 240 | D16: =MAX(0,$B$4/A16-1) -> 11 | E16: =$B$12+$B$8+D16*$B$9 -> 2608 | F16: =C16*E16/1048576 -> 0.59692383 | G16: =F16*$B$3 -> 15.52002 | H16: =B16 -> 2880 | I16: =B16*($B$12+$B$8)/1048576 -> 3.8095093 | J16: =F16/$F$20 -> 1.8803172
A17: 15 | B17: =$B$2*3600/A17 -> 1920 | C17: =$B$2*3600/$B$4 -> 240 | D17: =MAX(0,$B$4/A17-1) -> 7 | E17: =$B$12+$B$8+D17*$B$9 -> 2164 | F17: =C17*E17/1048576 -> 0.49530029 | G17: =F17*$B$3 -> 12.877808 | H17: =B17 -> 1920 | I17: =B17*($B$12+$B$8)/1048576 -> 2.5396729 | J17: =F17/$F$20 -> 1.5602019
A18: 30 | B18: =$B$2*3600/A18 -> 960 | C18: =$B$2*3600/$B$4 -> 240 | D18: =MAX(0,$B$4/A18-1) -> 3 | E18: =$B$12+$B$8+D18*$B$9 -> 1720 | F18: =C18*E18/1048576 -> 0.39367676 | G18: =F18*$B$3 -> 10.235596 | H18: =B18 -> 960 | I18: =B18*($B$12+$B$8)/1048576 -> 1.2698364 | J18: =F18/$F$20 -> 1.2400865
A19: 60 | B19: =$B$2*3600/A19 -> 480 | C19: =$B$2*3600/$B$4 -> 240 | D19: =MAX(0,$B$4/A19-1) -> 1 | E19: =$B$12+$B$8+D19*$B$9 -> 1498 | F19: =C19*E19/1048576 -> 0.34286499 | G19: =F19*$B$3 -> 8.9144897 | H19: =B19 -> 480 | I19: =B19*($B$12+$B$8)/1048576 -> 0.63491821 | J19: =F19/$F$20 -> 1.0800288
A20: 120 | B20: =$B$2*3600/A20 -> 240 | C20: =$B$2*3600/$B$4 -> 240 | D20: =MAX(0,$B$4/A20-1) -> 0 | E20: =$B$12+$B$8+D20*$B$9 -> 1387 | F20: =C20*E20/1048576 -> 0.31745911 | G20: =F20*$B$3 -> 8.2539368 | H20: =B20 -> 240 | I20: =B20*($B$12+$B$8)/1048576 -> 0.31745911 | J20: =F20/$F$20 -> 1
A22: How to read this: 'Data' is what the phone uploads for location only (app sign-in, photos and other screens are not included).
A23: Batched = the app collects a point every N seconds but sends them together with the regular 2-minute ping (current design, 1 request per 2 minutes).
A24: NOT batched = one request per point; shown only to explain why batching keeps the cost low: fixed request overhead (about 1.2 KB) is paid once per 2 minutes instead of once per point.
A25: The app talks to the server over plain http (no TLS handshake). With https a new connection adds roughly 4-7 KB, but Android keeps the connection open between pings, so the effect is small.
A26: Server side: each GPS point becomes one database row (about 100 bytes with its index).
